Time(ms),Main(mA),Main Voltage(V),
0.028641939163208008,456.8346735391476,3.99925,
0.046775102615356445,577.5314125117085,3.999375,
0.07388806343078613,587.5894740927553,3.998125,
0.07602810859680176,629.4359772139003,3.99925,
0.10494613647460938,579.5181901079646,3.998625,
0.13184905052185059,581.2566205046888,3.9985,
0.15927410125732422,598.64092447193,3.999375,
0.18656206130981445,595.1640636784819,3.9995000000000003,
0.18656206130981445,594.9157164789498,3.999625,
0.21439814567565918,640.4874275930752,3.999625,
0.24192595481872559,608.0781180541468,3.99925,
0.2691490650177002,648.3600457726388,3.9991250000000003,
0.2691490650177002,640.4153697378985,3.998625,
0.29589295387268066,764.6750683437594,3.9987500000000002,
0.32256507873535156,818.6740382673853,3.998875,
0.3495619297027588,838.9081350433646,3.99925,
0.3766970634460449,830.3427811934101,3.9991250000000003,
0.3786439895629883,829.3496966890676,3.998875,
0.4048459529876709,828.8531544368964,3.9991250000000003,
0.43198299407958984,863.238705399757,3.999375,
0.4587230682373047,898.2449341778316,3.9998750000000003,
0.4601471424102783,926.4237069885514,3.9995000000000003,
0.4863560199737549,933.8718407711204,3.9991250000000003,
0.5151031017303467,1493.9715012203158,4.002625,
0.5422711372375488,1469.0202530487093,3.99925,
0.5820119380950928,2193.723670092681,4.00025,
0.5820119380950928,2095.035897473641,3.997875,
0.6085131168365479,1716.918972445217,4.0,
0.647658109664917,1386.3459680621925,3.9985,
0.6745209693908691,1321.1747974647128,3.9995000000000003,
0.6762869358062744,1515.1986825006375,3.9987500000000002,
0.7024979591369629,1401.4905067534162,4.001125,
0.7298219203948975,1242.8452571846947,3.9987500000000002,
0.7565569877624512,1125.5371501092316,3.9985,
0.7841410636901855,1640.0790589217127,3.999,
0.7841410636901855,1615.872624128363,4.005375,
0.8108329772949219,1368.7187181101121,4.001125,
0.8393280506134033,677.7801742137867,4.0,
0.8693749904632568,724.9516881700577,4.0,
0.8704850673675537,617.9468328271485,3.999625,
0.897130012512207,753.0063254177345,3.99975,
0.9237589836120605,603.174700825053,3.9998750000000003,
0.9502091407775879,724.2068747918007,3.99975,
0.97735595703125,1059.745301696538,3.9995000000000003,
0.97735595703125,1011.5807032359246,3.9998750000000003,
1.018890142440796,684.8259334298674,3.99975,
1.0453870296478271,1001.8542883292478,4.00025,
1.0727639198303223,623.2573883906769,4.000875,
1.0990769863128662,542.696933288994,4.000625,
1.099437952041626,520.1052494238072,3.999375,
1.125859022140503,534.1319542412034,3.999,
1.1540729999542236,688.1774469703072,4.002125,
1.1822659969329834,503.0994214593534,3.999375,
1.1822659969329834,506.20267473753836,3.998875,
1.2090339660644531,505.3337638196466,3.999625,
1.235867977142334,493.1690109691614,3.9995000000000003,
1.262840986251831,502.0547595207568,3.99925,
1.2898139953613281,533.2005194415947,3.99925,
1.2923481464385986,529.4779186542436,3.999375,
1.31870698928833,519.0546364496604,3.9991250000000003,
1.3465230464935303,520.9159368433359,3.998875,
1.3733811378479004,533.8209529061531,3.9998750000000003,
1.3733811378479004,543.4997149532661,3.99975,
1.4141030311584473,522.4049771582763,3.999625,
1.4421789646148682,542.3829347170608,3.999375,
1.4693639278411865,541.3902411737672,3.999375,
1.4962151050567627,522.1568037724529,3.999375,
1.4970579147338867,521.4122836149827,3.9995000000000003,
1.523190975189209,526.1045647543955,3.99975,
1.557616949081421,534.293928262365,3.9965,
1.5938339233398438,586.9043847378044,3.999375,
1.5938339233398438,550.6726552783036,3.99825,
1.6215720176696777,521.7617204698663,3.9998750000000003,
1.6485741138458252,520.3968265518714,3.9991250000000003,
1.6753830909729004,525.1119146322175,3.999625,
1.7025079727172852,536.7755535678101,3.998875,
1.7052390575408936,534.5420907929094,3.999625,
1.7377121448516846,728.605189678729,4.00025,
1.766840934753418,784.8561844001613,4.00025,
1.7938909530639648,1033.9459928837275,3.9985,
1.7938909530639648,1090.8843505002399,4.001,
1.8210110664367676,968.4482743183277,3.99975,
1.8475730419158936,885.955882564557,3.9985,
1.875417947769165,886.2039799833652,3.998875,
1.904021978378296,886.7001748209819,3.998875,
1.9055819511413574,888.9330515902569,3.9995000000000003,
1.9317610263824463,904.0669941375652,3.9991250000000003,
1.9587810039520264,902.4543609153111,3.9991250000000003,
1.9855029582977295,918.828790556661,3.998875,
1.9876270294189453,903.4467505905444,3.9995000000000003,
2.0137319564819336,1024.3942422596067,3.998125,
2.041717052459717,975.7671481731735,3.99925,
2.069571018218994,1270.8790278456854,4.00025,
2.0980849266052246,571.8645503532074,3.998625,
2.0980849266052246,576.4543526011616,3.99975,
2.1254611015319824,1162.0883096982316,3.999,
2.1577820777893066,993.2580161991609,3.9991250000000003,
2.1848349571228027,545.9383700877366,3.999375,
2.2128520011901855,776.6689695794863,3.999375,
2.215245008468628,647.534263089749,3.999625,
2.2520699501037598,688.4703371931239,4.0,
2.2795350551605225,804.5465690074427,3.996125,
2.3082821369171143,971.085724706733,3.9985,
2.3082821369171143,889.6142241151963,3.998125,
2.3357319831848145,685.873469972282,4.0005,
2.363629102706909,775.7773328777067,4.000375,
2.3904850482940674,557.1559393573427,4.00025,
2.417393922805786,648.4238608723671,4.0005,
2.4197030067443848,655.7401752329465,3.996,
2.4534010887145996,642.2235944650964,3.999,
2.4924449920654297,547.7315344182914,4.0,
2.519619941711426,646.4397756220405,4.00025,
2.519619941711426,644.7037010280047,3.99975,
2.546816110610962,796.3622173498454,4.001625,
2.573836088180542,537.0670761977858,3.999375,
2.6009480953216553,798.5943132564629,4.00075,
2.62951397895813,797.6022706312996,3.9987500000000002,
2.62951397895813,836.7879543252502,3.998625,
2.6571879386901855,539.9191987451303,4.0,
2.68448805809021,720.7189671811432,3.999,
2.7115049362182617,915.1593217131515,4.00125,
2.7115049362182617,847.204401889465,3.999375,
2.738517999649048,735.9716225430291,3.9998750000000003,
2.774022102355957,756.0025760708972,3.9998750000000003,
2.8003549575805664,773.7368884688858,3.99925,
2.8277170658111572,889.816024164811,3.999,
2.829841136932373,952.1961579843093,3.9987500000000002,
2.8561160564422607,552.4920400911823,4.0005,
2.884171962738037,544.5550051718028,3.99975,
2.91100811958313,525.5805310676611,3.999625,
2.913069009780884,549.8877005082609,3.999,
2.9394049644470215,525.8285634088918,4.001125,
2.96616792678833,496.8087794849105,4.000375,
2.9937310218811035,501.14934545644616,3.9995000000000003,
3.0204269886016846,372.2965441871446,3.99975,
3.022571086883545,380.85365995960063,3.9991250000000003,
3.048727035522461,367.58392970376303,3.999625,
3.075700044631958,420.1667860446522,3.999625,
3.102882146835327,339.18422663285827,3.999,
3.105232000350952,345.8810998460847,3.99975,
3.137073040008545,347.2452777228531,3.999375,
3.1642370223999023,388.6666787083648,3.9998750000000003,
3.1911659240722656,353.1980539123877,3.9991250000000003,
3.217881917953491,334.7196444907073,3.9987500000000002,
3.217881917953491,348.4854394290061,4.0,
3.2450101375579834,340.9204530214725,4.0,
3.2730019092559814,348.5658480783218,4.0,
3.307394027709961,349.061674320254,4.0,
3.307394027709961,346.2106734291439,3.999,
3.3348729610443115,366.66350590884633,3.9995000000000003,
3.3633439540863037,347.4502390339744,3.999375,
3.3903441429138184,382.9018153321252,3.999,
3.4169600009918213,433.3521354487244,3.999625,
3.417370080947876,423.55956717056387,3.999,
3.443833112716675,456.6559688195368,3.99825,
3.4703829288482666,466.8204067791465,3.9995000000000003,
3.498755931854248,544.1693005205664,3.9991250000000003,
3.500124931335449,552.7223031938964,3.999375,
3.5264110565185547,477.48067098068833,3.9991250000000003,
3.5549471378326416,580.9843989840307,4.00075,
3.581696033477783,498.55328626280595,3.99925,
3.6082260608673096,483.1826727629084,3.9991250000000003,
3.609787940979004,481.3233243556627,3.99925,
3.643641948699951,473.39010448474784,4.00025,
3.671103000640869,559.4159574599809,3.999,
3.6988561153411865,787.3720721883002,3.99925,
3.6999099254608154,780.6784179222158,3.99925,
3.7261900901794434,853.9367451676952,3.9998750000000003,
3.752824068069458,738.6571439184636,3.9995000000000003,
3.7795090675354004,740.9531164853306,3.998875,
3.8154261112213135,440.4561523962489,4.0,
3.817060947418213,395.0840860362638,4.00025,
3.843374013900757,740.2093121187735,3.999625,
3.870677947998047,621.4485482584846,4.0005,
3.8987131118774414,695.8289849141979,3.9991250000000003,
3.925473928451538,537.02675265425,3.993875,
3.927031993865967,750.7465406449995,4.002875,
3.9531631469726562,342.52191079955975,3.9998750000000003,
3.9803109169006348,432.7701739418252,3.999625,
4.008394002914429,487.1918600949221,3.9998750000000003,
4.008394002914429,498.4728929877053,3.99975,
4.035555124282837,636.820505167332,3.9998750000000003,
4.063699960708618,718.5150180941904,4.000125,
4.090517997741699,552.8945791408022,3.9983750000000002,
4.117582082748413,607.6881674771777,4.00075,
4.118957996368408,461.03473987099625,3.999625,
4.145339012145996,882.0280113423336,4.002,
4.172308921813965,413.6791952001921,4.000125,
4.199597120285034,656.6552882755223,4.00075,
4.199597120285034,615.8700155093061,3.99975,
4.225827932357788,518.679578279174,3.997,
4.253114938735962,735.8704533138568,3.999625,
4.28902006149292,557.6561978527703,3.99725,
4.315567970275879,729.0806303111791,4.0,
4.3177080154418945,552.8221032281297,3.998125,
4.343825101852417,667.7248139215101,4.001,
4.370495080947876,631.7789820972595,3.999625,
4.397365093231201,873.7316156177324,3.998625,
4.39855694770813,761.9276835298908,3.9995000000000003,
4.4248270988464355,412.1375545366662,3.9995000000000003,
4.452636003494263,764.7785598469866,3.9987500000000002,
4.4807820320129395,613.6821150409125,3.99675,
4.5071189403533936,489.1112150982511,4.000125,
4.5071189403533936,457.3797221775333,3.999,
4.534807920455933,707.3891800724073,3.9987500000000002,
4.561666965484619,439.9026108422942,4.000125,
4.588524103164673,626.8209363283974,3.9985,
4.59073805809021,449.57080009157545,3.9998750000000003,
4.623768091201782,622.9784508575291,3.999375,
4.651085138320923,668.5924719310609,4.00075,
4.677897930145264,481.55019530073633,4.0,
4.704822063446045,548.1119597477107,4.0015,
4.706382989883423,572.5303351593568,3.99725,
4.732594966888428,447.9594352166952,3.99675,
4.759401082992554,352.51705416609883,3.9995000000000003,
4.786307096481323,356.8397521596646,4.000375,
4.814312934875488,324.11807985325567,3.999625,
4.816715955734253,375.4316114246697,3.9998750000000003,
4.848372936248779,314.57425876388635,4.000875,
4.875756025314331,323.00256829735537,3.9991250000000003,
4.903696060180664,309.8643210834184,3.999625,
4.903696060180664,320.1518165433879,3.9995000000000003,
4.930056095123291,412.8632214115467,3.999625,
4.956886053085327,323.4983512110888,3.9991250000000003,
4.9838080406188965,338.0000014377928,3.9998750000000003,
5.011212110519409,326.596994421923,3.99975,
5.012210130691528,325.10964568072256,4.000125,
5.03830099105835,324.6280467162493,3.9998750000000003,
5.067150115966797,314.8359063227465,4.00075,
5.095466136932373,326.1154604469079,4.00075,
5.0964930057525635,317.19097806295605,4.000125,
5.123183965682983,314.8359063227465,4.0005,
5.151931047439575,322.76877955292593,4.000625,
5.179508924484253,309.0102025443335,3.998875,
5.214667081832886,315.45566204385426,3.9991250000000003,
5.214667081832886,315.33171089963275,3.9998750000000003,
5.242506980895996,314.711955178525,3.9991250000000003,
5.269547939300537,369.43379152979475,3.999375,
5.2969560623168945,458.53909045965804,3.9987500000000002,
5.297558069229126,465.97485949413897,3.9998750000000003,
5.3236730098724365,495.84186511597073,3.999,
5.351328134536743,479.4831732401127,3.99825,
5.379595994949341,472.1713336895398,3.9991250000000003,
5.4077301025390625,478.8635258205726,3.9998750000000003,
5.4077301025390625,463.4962698159787,3.998625,
5.434860944747925,495.0982882125227,3.9991250000000003,
5.474264144897461,489.64539092057,3.999625,
5.503515958786011,470.56025039873555,3.9991250000000003,
5.503515958786011,478.11994891712453,3.9995000000000003,
5.531248092651367,678.0182064607538,4.00025,
5.559736013412476,791.6615432044042,3.9991250000000003,
5.588336944580078,745.4358457067143,4.0,
5.6165549755096436,728.7053653791322,3.9998750000000003,
5.616904973983765,742.461538092922,3.9995000000000003,
5.643294095993042,732.4232498963727,3.9991250000000003,
5.670643091201782,787.8197292032557,3.999375,
5.716891050338745,754.3587685480915,3.998875,
5.716891050338745,743.4529739641861,4.0,
5.743683099746704,839.3743945089902,4.000625,
5.7722320556640625,784.8243524400822,4.000125,
5.803390026092529,411.623764127213,3.9995000000000003,
5.8326780796051025,645.1375164956771,4.000375,
5.8326780796051025,650.8390200036121,3.9995000000000003,
5.860728979110718,638.1965557034085,3.999,
5.889446020126343,1060.727543932758,3.99975,
5.91716194152832,954.8778918506622,3.998875,
5.918533086776733,1023.667771131181,3.9998750000000003,
5.944896936416626,976.9402315118016,3.9975,
5.972958087921143,925.8745913972542,3.999625,
6.000801086425781,1548.8258225033585,3.9983750000000002,
6.027907133102417,638.9402300740087,4.001,
6.028608083724976,686.7832812492885,3.9985,
6.055577993392944,573.248994004324,3.9998750000000003,
6.089182138442993,913.4800185539175,3.998875,
6.133680105209351,506.3183006503057,4.0,
6.133680105209351,504.2112232669384,3.999625,
6.1642091274261475,534.2060895478133,3.9985,
6.193557024002075,456.24422636322527,3.99975,
6.221972942352295,619.2328592531034,3.9998750000000003,
6.24918794631958,690.7495445591563,3.998625,
6.250868082046509,870.2229593306722,3.9987500000000002,
6.277334928512573,493.01302534455493,3.99975,
6.304814100265503,631.2004369230312,3.9995000000000003,
6.331753969192505,482.2306891944855,3.99975,
6.358609914779663,507.01766884981754,3.99975,
6.358609914779663,460.5420819960699,3.9998750000000003,
6.387211084365845,831.8510372329443,3.999625,
6.415761947631836,435.75510234073784,3.9955000000000003,
6.442421913146973,556.3437583639284,3.998125,
6.4435060024261475,456.9479699460468,3.999375,
6.469773054122925,845.483876043377,4.0,
6.498361110687256,429.3104876303515,3.998,
6.5262291431427,535.0269558603428,3.99925,
6.552977085113525,547.7922503828388,3.9985,
6.552977085113525,547.5443805862855,3.99975,
6.580526113510132,451.370899523597,3.99975,
6.6077189445495605,347.63738966603233,4.0,
6.63493800163269,503.54749169807104,3.9985,
6.63493800163269,523.5010103206133,3.998875,
6.662172079086304,359.1633352057617,4.000375,
6.6893229484558105,350.61182722467214,3.9991250000000003,
6.7240259647369385,353.21446008848204,3.99925,
6.750482082366943,329.9146992124699,3.9998750000000003,
6.750482082366943,331.1540481952365,4.0,
6.777364015579224,325.2864735483142,3.999375,
6.805385112762451,337.55442055070773,3.99975,
6.833343982696533,322.5602631033378,3.999,
6.833655118942261,323.42769369946666,3.998875,
6.861067056655884,321.4449951940293,3.998875,
6.889955043792725,339.66103771273487,4.0,
6.917449951171875,324.54296160877516,3.99925,
6.945084095001221,331.7302436909855,4.0005,
6.945084095001221,330.4910571250872,3.998875,
6.97324800491333,338.9175257731959,3.99975,
7.001384019851685,314.00987579863926,4.000375,
7.029588937759399,309.54880416140526,3.9998750000000003,
7.029588937759399,312.6467705761511,4.000125,
7.063431978225708,314.6294690815884,3.99975,
7.090069055557251,332.96943025688387,3.998875,
7.1165831089019775,377.08447200286474,3.999625,
7.1448071002960205,424.2974801635915,3.9991250000000003,
7.146507978439331,431.7325995589815,3.9987500000000002,
7.172765016555786,447.47026894589044,3.999,
7.200063943862915,472.6257562336267,3.999375,
7.228464126586914,470.14738310183003,3.9995000000000003,
7.229419946670532,466.92549803049434,3.999375,
7.255769968032837,476.21939727473193,4.000125,
7.283071994781494,507.8630250550483,3.9998750000000003,
7.31066107749939,470.8081093665516,3.999,
7.33746600151062,484.56428208034134,3.99975,
7.338459014892578,487.16680124240963,4.00025,
7.364614963531494,470.1884619470115,3.9998750000000003,
7.391061067581177,540.8282677745805,3.999375,
7.417726993560791,667.2363413607565,3.9991250000000003,
7.444699048995972,735.7693459618891,3.998875,
7.44575309753418,717.9235002791348,3.99925,
7.471916913986206,791.2897547526801,3.998875,
7.499118089675903,824.3789269561204,3.99975,
7.525918960571289,447.0136484562126,3.9998750000000003,
7.525918960571289,474.52599388379207,4.00025,
7.552467107772827,811.6141901135948,4.00075,
7.5797131061553955,603.2887276642203,3.999,
7.6076860427856445,715.3209811170665,3.9991250000000003,
7.634840965270996,825.9900102469245,4.0,
7.635731935501099,818.9260296641677,3.998,
7.661971092224121,367.5748492711745,3.9998750000000003,
7.689363956451416,426.689213095298,4.000375,
7.725466012954712,496.9572304711429,3.998625,
7.7277679443359375,571.6867092676763,4.000625,
7.754105091094971,643.4418804504174,3.999,
7.781109094619751,675.4097848632464,4.00075,
7.809381008148193,494.81296773244253,4.00025,
7.836367130279541,740.7320378680051,3.999375,
7.836367130279541,653.2225300475883,4.000125,
7.863068103790283,555.796930689447,3.9991250000000003,
7.89012598991394,627.1927897610619,3.99775,
7.916538953781128,859.6011851764753,3.997625,
7.917747974395752,743.2110607524363,4.0,
7.944045066833496,597.6924174363322,3.99925,
7.972687005996704,646.653119403846,3.9985,
8.00103497505188,872.2442018870737,3.999625,
8.028928995132446,519.7271477209748,3.998,
8.028928995132446,582.6943289855242,4.0,
8.055506944656372,610.2114830027091,3.998125,
8.08218502998352,530.2629949798069,3.99925,
8.109456062316895,563.853755063848,3.9995000000000003,
8.110764980316162,465.06469311926963,3.9985,
8.142794132232666,633.018493539475,3.99925,
8.174705982208252,827.0020342462066,3.9998750000000003,
8.204220056533813,521.0906103074119,3.99775,
8.23219108581543,496.1764303188796,4.00225,
8.23219108581543,412.63335911355244,3.9995000000000003,
8.260111093521118,740.236233291119,4.000375,
8.287790060043335,785.3754503791968,3.998125,
8.314836025238037,470.45687385820275,3.99975,
8.314836025238037,399.31824224739967,3.9998750000000003,
8.341722011566162,719.56601939429,4.000625,
8.369986057281494,485.45299654967863,3.997625,
8.396719932556152,623.1446685350483,3.999,
8.424695014953613,451.61876932015036,3.999,
8.424695014953613,453.84959748913025,3.998625,
8.451725006103516,355.32135335918525,3.999,
8.478802919387817,360.89842378163496,4.0005,
8.521433115005493,357.8000513247185,3.99975,
8.521433115005493,361.02235867991163,4.00075,
8.553306102752686,351.23150171605545,3.9995000000000003,
8.580722093582153,351.9751111057154,4.00025,
8.613611936569214,345.53049639532907,3.9995000000000003,
8.640610933303833,382.3391611834972,3.999375,
8.641127109527588,338.9619467866661,4.0005,
8.667941093444824,344.04327761600916,3.999,
8.695655107498169,347.1416500729257,3.9995000000000003,
8.722640037536621,359.783009697145,4.000375,
8.722640037536621,357.92398622299515,4.000125,
8.749361991882324,352.3469158005454,3.9991250000000003,
8.784232139587402,355.30583036428095,3.9995000000000003,
8.812011957168579,328.7849208079656,3.9995000000000003,
8.84109902381897,347.62220236198397,4.000375,
8.842484951019287,329.7763566792297,4.0,
8.869328022003174,321.10129280566866,3.9991250000000003,
8.906512022018433,324.9431068068171,3.99975,
8.934545993804932,393.4761114079498,4.000125,
8.934545993804932,376.00205417691956,3.999,
8.963043928146362,331.0156515183099,3.999375,
8.993415117263794,394.59147676312193,4.000125,
9.022576093673706,454.3254880067855,4.000625,
9.052417039871216,516.5380889286093,3.9991250000000003,
9.052417039871216,534.1360756435475,3.9987500000000002,
9.081370115280151,483.0771282734451,3.9985,
9.110476016998291,493.8589933734425,3.99925,
9.139433145523071,490.8846857596501,3.9991250000000003,
9.139433145523071,494.9743587286146,3.998625,
9.168267011642456,490.7607562757421,3.99975,
9.197858095169067,507.49123660332424,3.9998750000000003,
9.227268934249878,498.81617272976314,3.9991250000000003,
9.255686044692993,660.2962902619075,3.999625,
9.255686044692993,671.0781553619049,3.9995000000000003,
9.285107135772705,670.2038368059411,3.998875,
9.312185049057007,743.9547676177656,3.998625,
9.340168952941895,734.9063340895922,3.999625,
9.341768980026245,720.0321967830057,3.999,
9.368086099624634,758.5810026359089,4.0005,
9.396470069885254,481.7980975891794,3.99925,
9.425108909606934,539.1874773637588,3.9998750000000003,
9.451606035232544,752.1355431363882,4.0005,
9.452642917633057,763.2911461163279,3.998,
9.478708982467651,785.1065474993214,3.9995000000000003,
9.528913974761963,386.2148897983727,3.999,
9.555774927139282,411.49981839877967,3.998875,
9.584087133407593,519.4565478642426,3.9998750000000003,
9.584087133407593,532.2229578928794,4.00025,
9.611032009124756,705.1272490574269,3.998,
9.63887906074524,624.190688390438,3.998875,
9.665563106536865,685.0480410512214,3.9995000000000003,
9.665563106536865,632.1232150101736,3.999375,
9.692476034164429,644.1459506682102,3.99775,
9.719918966293335,871.9581995287393,3.99825,
9.748294115066528,703.5159545877931,4.003125,
9.775705099105835,772.9255625104788,4.0005,
9.77649712562561,607.4580150519334,3.9998750000000003,
9.802706956863403,654.3952777333069,3.9998750000000003,
9.82958698272705,507.6242967073104,3.9991250000000003,
9.87069296836853,688.48482146823,3.99975,
9.87069296836853,698.1538556912265,3.99775,
9.8974769115448,467.3366541114921,3.999375,
9.925262928009033,715.0126845928612,3.999625,
9.952805042266846,532.1687681964551,3.9962500000000003,
9.979501962661743,590.5548594660871,4.0005,
9.979864120483398,459.27912559232846,3.9995000000000003,
10.006484031677246,874.0559013634299,3.9991250000000003,
10.032966136932373,489.77377198793243,4.002,
10.06150197982788,631.9581598568666,3.999625,
10.06150197982788,556.9611636400356,3.999,
10.088135957717896,530.4333005154044,3.99925,
10.11509394645691,444.40368832618014,3.9991250000000003,
10.142295122146606,814.8020762532726,3.9987500000000002,
10.16902494430542,643.3626617609135,3.998625,
10.16902494430542,767.9444488649054,3.998125,
10.196632146835327,662.9486541613421,3.9987500000000002,
10.2242751121521,669.2707149994552,3.997625,
10.25245714187622,538.4908290345682,3.999,
10.253840923309326,490.26961989680404,4.000125,
10.280013084411621,442.71479845900905,3.998625,
10.307142972946167,365.1281624468759,3.9983750000000002,
10.333698987960815,398.9638679282055,3.9998750000000003,
10.36090898513794,337.36553230834903,3.999,
10.362720966339111,338.7288757526517,3.9991250000000003,
10.397650003433228,389.4204638180869,3.99975,
10.424363136291504,345.7934736004018,3.998625,
10.451314926147461,336.00218886404633,3.999625,
10.451314926147461,333.0276213492042,3.9985,
10.49279499053955,336.6218904296385,3.9998750000000003,
10.521477937698364,329.81958336119055,3.99975,
10.56003999710083,324.11807985325567,3.9998750000000003,
10.58713412284851,320.8954909139881,3.999625,
10.58713412284851,323.7462426679555,3.999375,
10.614931106567383,322.25889392675515,3.998875,
10.642991065979004,328.8280175337236,3.999375,
10.670690059661865,327.96039743469004,3.9998750000000003,
10.671566009521484,318.16868488845404,3.999625,
10.697597980499268,321.51521955615493,3.99925,
10.725418090820312,397.122113900509,3.998875,
10.76363205909729,337.87605570935943,4.000125,
10.7900869846344,317.6451442830805,3.998875,
10.792568922042847,319.13236306240043,3.9995000000000003,
10.828164100646973,374.2833927955143,3.998875,
10.854720115661621,392.62575774046,3.998875,
10.882699012756348,452.858118302917,3.999375,
10.909738063812256,479.3801865341223,3.99925,
10.911307096481323,548.4119248742221,3.99975,
10.937397956848145,477.64509795824904,3.999625,
10.965872049331665,482.1067542962088,3.999625,
10.99280309677124,479.0083818392923,3.9991250000000003,
10.99280309677124,478.016902653079,3.9991250000000003,
11.01981496810913,503.0517521049644,3.998875,
11.047658920288086,498.59009576700464,3.99925,
11.075278997421265,489.0471085997018,3.9985,
11.10290813446045,536.8859793344927,3.9985,
11.10290813446045,544.1981383328157,3.999625,
11.130862951278687,614.2213558591287,3.9991250000000003,
11.157522916793823,754.7635305048616,3.998625,
11.185601949691772,737.2887098478525,3.9991250000000003,
11.186953067779541,732.8270535098927,3.9983750000000002,
11.212990045547485,778.4350960757038,3.9983750000000002,
11.241014957427979,545.6853571121355,3.9998750000000003,
11.279226064682007,808.0555367638256,3.998625,
11.306162118911743,759.8869203457418,3.99975,
11.306162118911743,770.7955743409173,3.999,
11.34334397315979,343.9944867796792,3.999625,
11.371701955795288,443.1640685540012,3.99975,
11.399801969528198,506.5086389123493,3.99975,
11.399801969528198,505.26901914017026,3.998625,
11.42628002166748,669.0227910450194,3.999625,
11.467294931411743,733.4830191983286,4.0,
11.494415998458862,722.9462511348069,4.001875,
11.521425008773804,734.226791061636,3.99775,
11.523709058761597,719.4753157727056,3.9998750000000003,
11.560265064239502,544.4172136415325,3.99775,
11.58716607093811,545.1609530044308,3.9943750000000002,
11.615112066268921,462.35797060175685,3.99975,
11.617640018463135,574.1667881574632,4.001875,
11.643791913986206,711.5106571726768,3.9983750000000002,
11.670859098434448,522.3529458755505,4.0005,
11.697958946228027,620.2786286571559,3.999,
11.725871086120605,738.5331873579805,4.000375,
11.726692914962769,557.4326524922521,3.999375,
11.752800941467285,741.8800144910227,3.9995000000000003,
11.781373977661133,674.9729659514787,3.99975,
11.816679954528809,562.1675666831875,3.99725,
11.816679954528809,625.5121370415357,3.998125,
11.843148946762085,890.9147302650647,3.999375,
11.870058059692383,449.73405334654996,4.000375,
11.89761996269226,719.8472017043593,4.00075,
11.925235986709595,732.3673614033675,3.997375,
11.92647910118103,806.2486998252373,3.999,
11.952836990356445,588.5714678306007,3.9995000000000003,
11.979648113250732,710.4260914357988,3.998625,
12.006880044937134,470.3117415647218,4.00075,
12.007889986038208,523.4914297912019,3.996375,
12.034125089645386,478.86511799275706,3.9998750000000003,
12.061641931533813,620.1817720211658,4.000375,
12.08876895904541,467.95646399758164,4.000375,
12.116313934326172,452.213292890908,3.99975,
12.117030143737793,453.57687464030494,3.9985,
12.143229961395264,365.81179477003,3.99775,
12.171015977859497,343.1267529391539,3.997625,
12.208987951278687,341.39128525810327,3.9998750000000003,
12.208987951278687,343.3746768935897,3.9998750000000003,
12.236028909683228,338.1682738504378,4.000125,
12.263049125671387,338.9120457137452,3.9998750000000003,
12.28989291191101,335.38248729845424,4.00075,
12.317385911941528,341.0837417019017,3.99975,
12.31952691078186,445.68936597385124,3.998875,
12.345715999603271,446.6808884787986,3.99975,
12.372692108154297,333.89520354103314,3.999375,
12.399600982666016,326.08696381457247,3.99975,
12.40104603767395,330.920636026191,3.9995000000000003,
12.427273988723755,334.6388454197437,3.9998750000000003,
12.45524001121521,337.7373532477043,4.0,
12.482499122619629,331.5403375917831,3.99925,
12.5106680393219,332.90368103608574,4.000125,
12.511873006820679,344.92589140857285,3.999625,
12.538303136825562,333.4140094857582,3.9991250000000003,
12.565865993499756,324.61386276698914,3.998,
12.59286904335022,329.9435290896239,3.99975,
12.619822025299072,330.6872034602241,3.999,
12.619822025299072,331.67876928769107,3.998875,
12.646428108215332,330.56325773179077,3.9998750000000003,
12.67435097694397,397.6178968142425,4.000375,
12.701290130615234,474.83608562823036,3.99925,
12.701290130615234,493.92372780696894,3.9987500000000002,
12.735167980194092,571.2658623493902,4.001,
12.762314081192017,468.76274493499534,3.9987500000000002,
12.790669918060303,566.8038161257889,3.99925,
12.818339109420776,485.86725545880006,3.999375,
12.820271968841553,494.4195107207024,3.999375,
12.846283912658691,502.4759830688713,3.999375,
12.880444049835205,494.0476735354023,3.998125,
12.907024145126343,497.5181539315366,3.9983750000000002,
12.907024145126343,494.54345644913576,3.99925,
12.935325145721436,601.0128371733983,3.998875,
12.962048053741455,650.3432370898786,3.999,
12.990426063537598,728.5529917313333,3.9998750000000003,
13.01831603050232,740.6996731178034,3.999,
13.018676042556763,735.8657897089021,3.9991250000000003,
13.045032978057861,735.2139374184887,3.999,
13.07187294960022,752.1937603157128,3.999625,
13.09921908378601,380.37282096044197,3.999,
13.100289106369019,501.8343278164971,3.9995000000000003,
13.126307010650635,737.940624307094,3.999625,
13.16235613822937,648.8275391749474,3.9985,
13.190303087234497,719.8453385918042,4.000375,
13.226263046264648,408.25939141208727,3.999375,
13.226263046264648,395.61747947400806,3.9998750000000003,
13.2608060836792,464.28041294161477,4.00025,
13.287569999694824,876.1067544517045,3.998625,
13.314297914505005,1200.7101344622567,3.997125,
13.316240072250366,1261.0928105757553,3.9995000000000003,
13.34227991104126,1347.3892019001803,3.998875,
13.369602918624878,1050.3113949844876,3.9995000000000003,
13.396301984786987,1493.0763567941447,4.002875,
13.423718929290771,1364.871660487456,3.998125,
13.424919128417969,1216.4567460976045,3.9983750000000002,
13.451105117797852,692.6029338193067,3.9995000000000003,
13.478110074996948,1148.5107368364193,4.001125,
13.50458812713623,814.4841876582575,4.00025,
13.505990982055664,566.0100953965513,4.000125,
13.532032012939453,788.1985052433464,3.9995000000000003,
13.559919118881226,1140.699425552743,3.99925,
13.586604118347168,868.2954431680281,3.999625,
13.61367392539978,907.8479558583896,4.001375,
13.614861965179443,794.7699258470742,3.998625,
13.640948057174683,636.9318422896131,3.9983750000000002,
13.677128076553345,667.0611858123649,3.9975,
13.704118013381958,1119.3733058576265,3.9987500000000002,
13.704556941986084,1052.791176344385,3.9991250000000003,
13.731003999710083,895.3250599909084,3.9995000000000003,
13.784219980239868,1279.0712254350105,3.9987500000000002,
13.811522006988525,673.9456597112778,3.99975,
13.845152139663696,622.3707159217466,3.999625,
13.845152139663696,624.1064111454327,3.9995000000000003,
13.872277021408081,616.5437390993717,3.999375,
13.899553060531616,586.4170291453908,3.9991250000000003,
13.927696943283081,604.1459160730421,3.998125,
13.92903995513916,600.7985038559331,3.9998750000000003,
13.955209970474243,584.433377461178,3.9998750000000003,
13.98274302482605,584.8053121519679,3.99975,
14.010046005249023,582.0777910861754,3.999,
14.053776025772095,583.4415516190717,3.999,
14.053776025772095,580.4660740927526,3.99925,
14.080534934997559,596.2113093361911,3.99975,
14.107429027557373,581.3339217045956,3.99925,
14.134670972824097,580.9619870138057,3.9995000000000003,
14.162389993667603,580.4660740927526,3.998625,
14.162389993667603,594.5995923427683,3.999375,
14.189216136932373,579.2262917901196,3.9985,
14.216064929962158,583.5655298493349,3.999,
14.243003129959106,578.8543570993297,4.0005,
14.243003129959106,578.606400638803,3.99925,
14.271397113800049,583.4415516190717,3.9998750000000003,
14.305510997772217,800.2794763495766,3.99925,
14.332020998001099,589.6404631322365,3.9991250000000003,
14.359678030014038,582.0777910861754,4.0,
14.361856937408447,581.7058563953855,3.9991250000000003,
14.38829493522644,583.8134863098616,3.998875,
14.416574001312256,586.6649856059173,3.9991250000000003,
14.443457126617432,579.3502700203828,3.9991250000000003,
14.443895101547241,582.5737040072286,3.998875,
14.47012209892273,590.3843325138163,3.999375,
14.498203992843628,695.1459370863015,3.998625,
14.525031089782715,580.9619870138057,3.9987500000000002,
14.551846027374268,591.6499725137751,3.9995000000000003,
14.551846027374268,586.3186756114087,3.9985,
14.578603029251099,581.7312806023958,3.9995000000000003,
14.606380939483643,584.0869699313483,4.000375,
14.639723062515259,579.3755912734432,3.999,
14.639723062515259,586.8146102069777,3.99975,
14.676810026168823,580.8633950601501,3.99825,
14.703679084777832,586.8146102069777,3.99975,
14.731266021728516,577.8877874867363,3.998875,
14.764912128448486,578.1357547845208,3.9991250000000003,
14.764912128448486,578.8796566778742,3.9987500000000002,
14.791651010513306,577.169111516089,3.9991250000000003,
14.81820011138916,582.7486195758578,3.9995000000000003,
14.846282005310059,575.5572536321557,3.9995000000000003,
14.846282005310059,577.6650677880684,3.999375,
14.872556924819946,598.991187483185,3.9995000000000003,
14.899111986160278,577.169111516089,3.99975,
14.92637300491333,579.6488928759862,3.9995000000000003,
14.98705506324768,585.35239000375,3.9998750000000003,
14.98705506324768,579.8968710119759,3.9987500000000002,
15.019634008407593,577.0451224480942,3.9995000000000003,
15.047101974487305,579.8968710119759,3.99925,
15.074419975280762,579.6488928759862,3.9991250000000003,
15.075056076049805,580.76479448794,3.9998750000000003,
15.10141396522522,577.9130459240581,3.9991250000000003,
15.129562139511108,584.6084555957808,4.0,
15.156840085983276,589.8159964515651,3.9995000000000003,
15.185483932495117,625.1528808301011,3.9983750000000002,
15.186034917831421,628.9965419379419,3.9991250000000003,
15.212039947509766,579.8968710119759,3.999375,
15.239661931991577,578.9049584680171,3.99975,
15.267292022705078,576.6731552441095,3.9991250000000003,
15.268882036209106,582.0046851678886,3.997625,
15.295197010040283,576.4503727186236,3.9998750000000003,
15.322031021118164,580.2942018333316,3.99925,
15.34885311126709,847.1303390866073,3.998,
15.375580072402954,631.1319417375338,3.9998750000000003,
15.377733945846558,807.3281085762441,3.998875,
15.41231393814087,624.9322173589725,3.999375,
15.439214944839478,596.9094631678757,3.9995000000000003,
15.466900110244751,590.0897663514584,3.998875,
15.493544101715088,595.1735403418786,3.9998750000000003,
15.493544101715088,591.577700202313,3.99825,
15.52041506767273,581.038168758759,3.99925,
15.547363996505737,577.690317594336,3.999625,
15.574054956436157,585.9979482616079,3.999375,
15.575098037719727,582.7740915847561,3.999625,
15.601117134094238,579.3022459327618,3.998625,
15.627999067306519,592.8176450780253,3.9995000000000003,
15.656676054000854,578.6822734949058,4.0,
15.683542013168335,579.0542569576194,3.998875,
15.684375047683716,578.5582790073345,3.9991250000000003,
15.710418939590454,580.7901797836165,3.9995000000000003,
15.747092008590698,591.7016946898843,3.999,
15.774569034576416,574.3424664299129,3.999,
15.774569034576416,576.9463506689085,3.999,
15.80155897140503,449.09461863007107,3.9995000000000003,
15.834803104400635,453.18518512601156,3.9998750000000003,
15.863286018371582,447.4831833437915,4.000375,
15.890411138534546,443.1447037268849,3.99975,
15.890411138534546,440.2937028357749,3.9995000000000003,
15.917005062103271,463.59753620658734,3.9995000000000003,
15.945420980453491,440.7895290777071,3.9987500000000002,
15.997000932693481,445.995704617995,4.00025,
15.997000932693481,443.8884430897832,3.9995000000000003,
16.02351212501526,415.8742604206151,3.99975,
16.05019998550415,425.66682869877565,3.999625,
16.077286958694458,425.5428721382926,3.9987500000000002,
16.105273008346558,420.83252283993687,3.999,
16.106462955474854,416.9898694649625,3.9983750000000002,
16.132663011550903,416.7419563439964,3.999375,
16.159980058670044,417.6096522673777,3.999625,
16.1890549659729,421.7002187633182,3.9998750000000003,
16.19051504135132,415.25447761819987,3.999625,
16.216702938079834,418.6013047512421,3.9983750000000002,
16.243552923202515,423.3116540495978,3.998875,
16.27000403404236,425.5428721382926,4.0,
16.297374963760376,540.3030376617528,3.9991250000000003,
16.298221111297607,535.3449918928907,3.998625,
16.324585914611816,545.6329368632796,3.9987500000000002,
16.351712942123413,531.0067018451363,3.9985,
16.37934708595276,531.2546041335794,3.999375,
16.381147146224976,535.0970896044475,3.99975,
16.40748906135559,578.7278923704345,3.999,
16.434214115142822,671.6912505365998,3.99925,
16.462717056274414,476.344247243431,3.998875,
16.48938798904419,433.82900477543814,3.999375,
16.490610122680664,421.5578414975043,3.999625,
16.516875982284546,416.1039911517559,3.9998750000000003,
16.545340061187744,419.9464766226241,4.000125,
16.57242703437805,427.755398708582,3.999,
16.5992591381073,417.71535602663613,3.99925,
16.6003839969635,424.2847666703785,4.000375,
16.62685799598694,535.2210407486691,3.999625,
16.653654098510742,533.6096758737889,3.9995000000000003,
16.68079113960266,415.9800400075344,3.9985,
16.68332600593567,415.85608886331283,3.9998750000000003,
16.723437070846558,424.5326689588216,3.9998750000000003,
16.750643968582153,419.2027697572948,3.999375,
16.785794019699097,417.21955144974993,3.9998750000000003,
16.812910079956055,419.76750046304863,3.999375,
16.813580989837646,419.76750046304863,3.999625,
16.839904069900513,418.4042165820054,3.99975,
16.88382601737976,416.1733884130255,3.99975,
16.910118103027344,431.66525069760803,3.999375,
16.911307096481323,421.3786541406452,4.000375,
16.9373459815979,418.0324118871754,3.999375,
16.965397119522095,424.7248963941151,3.9995000000000003,
17.00215196609497,395.35232550254653,3.99975,
17.00215196609497,393.86510672322663,4.000625,
17.029469966888428,397.7070885698031,3.999375,
17.056226015090942,393.74117182494996,3.99925,
17.084500074386597,396.0959348922065,3.99925,
17.111261129379272,408.7372945164259,4.0,
17.11380696296692,397.0874140784198,3.99925,
17.173255920410156,423.3616125130718,3.9995000000000003,
17.201206922531128,392.62575774046,3.99975,
17.22808814048767,407.25007573710593,4.000125,
17.255363941192627,390.14705977492684,3.999375,
17.25691294670105,394.11297651978,3.99925,
17.28296995162964,391.7582134525234,3.999625,
17.310992002487183,393.334998219445,3.998875,
17.33882713317871,392.21968158933316,3.9991250000000003,
17.34037494659424,394.4503148495569,3.9987500000000002,
17.366522073745728,434.1060172535337,3.99975,
17.393521070480347,394.202466709532,3.9987500000000002,
17.420253038406372,391.35221309924617,3.999375,
17.447813034057617,407.33841813084933,3.998875,
17.447813034057617,410.8082920911973,4.00025,
17.47481608390808,394.32639077954445,3.999,
17.50166392326355,394.9460111296066,4.000125,
17.528818130493164,397.1766443898303,4.000375,
17.528818130493164,391.60006123927104,3.9991250000000003,
17.555349111557007,396.291863774289,3.998875,
17.582993030548096,401.49644735106205,3.99925,
17.61138105392456,394.06132795567197,4.000125,
17.638803005218506,394.92875855180085,3.999375,
17.640172004699707,394.18524661226184,3.99925,
17.6663761138916,405.3379257053469,3.9991250000000003,
17.693397045135498,389.2285003486685,3.999,
17.720258951187134,395.7961891479297,3.9987500000000002,
17.721421003341675,392.07862945023464,3.99925,
17.747621059417725,398.64631824949583,4.00075,
17.774632930755615,396.6636197440585,3.9998750000000003,
17.801532983779907,409.143658501489,3.99925,
17.829277992248535,394.02690309955636,3.999625,
17.829277992248535,394.2747187618831,3.999,
17.856246948242188,393.5312717749028,3.999375,
17.882827043533325,396.75287538515073,3.999375,
17.911237001419067,394.02690309955636,3.99925,
17.913586139678955,391.05311515163515,3.9991250000000003,
17.939542055130005,390.0618525023281,3.9991250000000003,
17.966418027877808,393.90299526839294,3.999375,
17.993725061416626,392.1682856321056,3.998625,
18.02192711830139,404.4351609172805,4.00025,
18.02413010597229,394.3986265930465,3.9995000000000003,
18.057281017303467,399.107124177255,3.9998750000000003,
18.08355712890625,392.54000912559576,3.999625,
18.110640048980713,397.9919536967846,3.99975,
18.11305809020996,392.04437780094224,3.999625,
18.139223098754883,403.19608260564667,3.999375,
18.16738796234131,396.38115189166064,3.99975,
18.194579124450684,396.2572440604972,3.99925,
18.222711086273193,410.6305524754496,3.99925,
18.225045919418335,391.05311515163515,3.999625,
18.251208066940308,391.05311515163515,3.999,
18.27835512161255,395.14207358002676,3.9998750000000003,
18.30519199371338,487.2481577112271,3.99925,
18.331951141357422,523.928080061818,3.99975,
18.334123134613037,603.731694905671,3.9985,
18.367685079574585,417.1101980813811,4.000375,
18.39440608024597,417.8537100209201,3.997875,
18.422068119049072,415.49925554571325,3.99925,
18.422428131103516,417.8537100209201,3.999,
18.44884991645813,415.9949301720726,3.9998750000000003,
18.47667694091797,403.4791458564994,4.000875,
18.51337194442749,394.5570025820313,3.9991250000000003,
18.540094137191772,390.0959309447973,3.99925,
18.540094137191772,396.04402646110935,3.99975,
18.567644119262695,392.0957575193207,4.000125,
18.59456706047058,402.87715161040194,3.99975,
18.62295699119568,396.1852518297309,3.999,
18.624505043029785,393.95461856950715,4.000875,
18.65061593055725,394.32639077954445,3.999625,
18.678831100463867,405.60348115067535,3.9998750000000003,
18.707453966140747,424.6877879325892,3.99925,
18.74788498878479,538.3261601339852,3.9995000000000003,
18.74788498878479,538.821856414035,3.998875,
18.77530002593994,567.0765443768685,3.9991250000000003,
18.803303956985474,553.148719609732,3.998875,
18.83118510246277,420.93328864566746,4.00025,
18.83179807662964,419.44632972198536,3.998875,
18.858358144760132,390.3267174665447,3.99975,
18.886358976364136,394.5397677503106,3.998875,
18.91423010826111,400.9832564195996,3.99975,
18.942920923233032,388.59193205558233,3.99925,
18.942920923233032,395.6549869430722,3.9991250000000003,
18.96960997581482,391.56584990294647,3.999625,
18.99747896194458,403.58543453604324,3.999375,
19.032362937927246,410.02892320533226,3.99975,
19.032362937927246,406.68326562704755,3.9995000000000003,
19.059196949005127,395.5137970735169,3.9991250000000003,
19.086076974868774,396.62896755398737,4.001125,
19.113624095916748,390.1857603334915,3.99925,
19.140066146850586,392.9117326190859,3.99975,
19.140066146850586,390.30966816465485,3.9998750000000003,
19.166850090026855,403.81562176146355,3.99975,
19.19459891319275,392.4161012944324,3.999625,
19.22158193588257,395.2659814111902,4.0,
19.223634004592896,389.69012900883797,4.0,
19.26291012763977,390.1857603334915,3.999375,
19.2900710105896,391.1770229827985,3.99925,
19.318197011947632,406.2937783847312,3.9998750000000003,
19.345632076263428,389.56622117767455,3.999375,
19.34606909751892,395.63770490468033,3.9995000000000003,
19.372374057769775,396.2572440604972,3.9991250000000003,
19.415910005569458,397.2485067098043,3.99925,
19.44265103340149,395.63770490468033,4.000375,
19.44265103340149,391.1770229827985,4.000125,
19.469877004623413,399.47884767074515,3.999625,
19.497081995010376,393.28345611257606,3.999,
19.52349591255188,389.4423133465112,3.998875,
19.568750143051147,393.7962882884696,3.998125,
19.568750143051147,405.8158729215664,4.000125,
19.595616102218628,397.0180326231141,3.9998750000000003,
19.62294912338257,407.05500535796807,3.9991250000000003,
19.649620056152344,391.4419366593063,4.0,
19.676626920700073,391.56584990294647,4.00025,
19.677688121795654,390.69845719746525,4.000125,
19.703973054885864,393.4245485575491,3.9985,
19.732526063919067,391.8136763902268,3.9985,
19.760255098342896,390.8223704411054,3.999,
19.760255098342896,391.3180234156661,3.998625,
19.786598920822144,404.08108751060394,3.997875,
19.814603090286255,396.62896755398737,4.000875,
19.842231035232544,406.9133175405481,4.000375,
19.877928972244263,394.3986265930465,4.000375,
19.877928972244263,391.1770229827985,3.9991250000000003,
19.91206192970276,395.63770490468033,4.000125,
19.938941955566406,397.0006910474775,4.000375,
19.96527910232544,389.3184055153478,3.9995000000000003,
19.96647310256958,389.3184055153478,3.99975,
19.99259305000305,402.328727787503,3.9991250000000003,
20.019243001937866,389.56622117767455,3.9991250000000003,
20.046051025390625,393.5312717749028,3.998875,
20.07316493988037,395.7616127358437,3.99925,
20.07316493988037,393.6551796060662,3.99825,
20.107298135757446,395.14207358002676,3.999625,
20.133822917938232,390.4335759958183,3.99925,
20.161230087280273,402.0809121251762,3.9985,
20.162421941757202,394.3986265930465,3.99925,
20.188652992248535,391.05311515163515,3.999375,
20.216066122055054,395.5137970735169,3.999,
20.2430579662323,395.63770490468033,4.00025,
20.27022409439087,393.4073639437394,4.000375,
20.271172046661377,394.77035008653667,4.0,
20.297497034072876,439.7488927988445,3.9985,
20.324315071105957,393.17672207026874,3.9991250000000003,
20.351403951644897,390.4506307101849,3.99925,
20.353047132492065,391.56584990294647,3.99975,
20.379213094711304,402.47021534328167,3.9985,
20.406959056854248,388.96367178650286,3.9995000000000003,
20.43368411064148,392.8049823393482,3.99975,
20.461381912231445,396.3984664049132,3.99975,
20.461381912231445,388.96367178650286,3.999625,
20.488168001174927,397.26585911039444,3.99925,
20.5239679813385,389.8310644919841,3.9991250000000003,
20.55123996734619,397.0180326231141,4.0005,
20.55123996734619,392.8049823393482,3.9995000000000003,
20.57784605026245,392.06150287750717,3.9987500000000002,
20.604816913604736,389.8310644919841,3.9995000000000003,
20.63280701637268,404.3289139978843,4.0005,
20.669517040252686,390.69845719746525,4.000375,
20.669517040252686,390.4506307101849,3.99925,
20.6977801322937,397.26585911039444,3.9998750000000003,
20.724863052368164,390.69845719746525,3.998875,
20.75229501724243,395.77890018671235,4.0,
20.75388813018799,390.8223704411054,3.999,
20.77998399734497,391.4419366593063,3.99975,
20.80682110786438,410.2409098367757,4.0,
20.83391809463501,401.56774049561767,3.9995000000000003,
20.860657930374146,388.5579864838806,3.9998750000000003,
20.861568927764893,392.0272542203438,3.999625,
20.88772201538086,390.66432760959043,3.99925,
20.914653062820435,403.7979840404869,3.99975,
20.942774057388306,508.1238209727023,4.000125,
20.942774057388306,506.5130895236301,3.99975,
20.96991991996765,404.2935937171245,3.9998750000000003,
20.996437072753906,389.7970106754746,3.998625,
21.022828102111816,391.28383970538744,3.998875,
21.049638032913208,391.779449382025,3.9998750000000003,
21.049638032913208,395.86822921428524,3.9991250000000003,
21.07674503326416,389.53219198295255,3.999375,
21.104855060577393,400.55902566185927,3.99975,
21.13267493247986,391.390647097375,3.9987500000000002,
21.159430980682373,391.0189560744905,4.0,
21.161423921585083,391.390647097375,3.998875,
21.187730073928833,405.8865969898704,3.998875,
21.21527099609375,389.90388300583703,3.9995000000000003,
21.24247908592224,397.33770346352696,4.000125,
21.24493098258972,389.90388300583703,3.99925,
21.27970814704895,391.0189560744905,3.998875,
21.30656599998474,404.6299543963632,3.9998750000000003,
21.33544111251831,398.559266164452,4.0005,
21.36258602142334,388.4001552457436,3.999375,
21.365160942077637,388.6479384388828,3.99925,
21.412655115127563,391.0018787737055,3.998625,
21.439400911331177,403.51493002723663,4.0,
21.466758966445923,387.6568056663259,3.9987500000000002,
21.466758966445923,393.108035915389,3.999625,
21.49349308013916,390.2585291942878,3.99975,
21.522032022476196,395.46197625021165,4.000625,
21.549013137817383,390.38242079085745,3.999,
21.575899124145508,458.7906192470971,3.99925,
21.577476024627686,462.0119414454294,3.9987500000000002,
21.603652000427246,394.2402782728228,4.000625,
21.630491971969604,394.11638126519466,4.000375,
21.657176971435547,397.4616004711551,3.999375,
21.658951997756958,397.5854974787833,3.99925,
21.684993028640747,394.364175280451,3.999,
21.713356971740723,388.41711891429907,3.99925,
21.747633934020996,389.7799859982089,4.0,
21.774282932281494,394.48807228807914,4.000125,
21.77622413635254,408.3645371424337,3.99925,
21.802505016326904,391.0189560744905,3.998875,
21.848212003707886,403.78034786019157,3.9991250000000003,
21.874506950378418,393.37299921942565,4.000125,
21.875932931900024,389.160500960068,3.999625,
21.90208101272583,390.15167702109335,3.998625,
21.92929196357727,401.3024077076283,4.000375,
21.95627212524414,390.89505906686236,3.999,
21.983484983444214,392.01013213551585,4.0,
21.984081983566284,392.877411188913,3.9998750000000003,
22.010317087173462,396.8421154330143,3.9998750000000003,
22.037650108337402,395.47924834910447,3.9991250000000003,
22.07644510269165,427.19688230191485,3.9983750000000002,
22.07644510269165,430.5421015078753,3.999375,
22.103187084197998,386.4347667922484,4.000125,
22.138219118118286,391.8862351278877,3.99975,
22.172868967056274,388.6649129295554,3.998875,
22.201120138168335,393.4968962270538,3.998875,
22.201120138168335,407.86894911192104,4.001125,
22.228167057037354,392.75351418128486,4.000125,
22.266433000564575,392.134029143144,3.998625,
22.29421591758728,388.78880993718354,3.999,
22.29421591758728,391.390647097375,3.99925,
22.321305990219116,391.7623381202595,3.9987500000000002,
22.349942922592163,399.6917466084621,3.998125,
22.37671208381653,389.2843979676962,3.999,
22.404973030090332,394.2402782728228,4.0005,
22.404973030090332,392.877411188913,4.0,
22.431910037994385,398.45277653218045,3.999375,
22.459619998931885,393.7446902423102,3.999375,
22.486264944076538,406.3821850203831,3.998875,
22.486264944076538,411.33806532550966,3.998875,
22.513386011123657,392.6296171736567,3.998875,
22.560940980911255,387.42594285327374,3.999375,
22.592441082000732,392.01013213551585,4.00025,
22.61948013305664,397.5854974787833,3.998875,
22.62109613418579,394.8597633109637,4.000375,
22.647402048110962,388.5410159219272,3.9995000000000003,
22.681164979934692,390.5233680439779,4.0,
22.707612991333008,389.7799859982089,3.999,
22.707612991333008,390.5233680439779,3.999,
22.734286069869995,403.6564508525634,4.00075,
22.761420011520386,387.9215308837864,4.000125,
22.788208961486816,399.81564361609026,3.998875,
22.81572413444519,396.7182184253861,4.000125,
22.81654691696167,393.12520520416933,3.99975,
22.842721939086914,397.83329149403966,3.999375,
22.86958599090576,394.364175280451,3.9987500000000002,
22.896727085113525,394.2402782728228,3.99975,
22.931999921798706,396.4704244101298,3.998625,
22.931999921798706,396.34652740250164,3.9991250000000003,
22.95861005783081,394.11638126519466,4.0005,
22.985579013824463,398.3288795245523,4.0,
23.012171983718872,433.5156296909513,3.998875,
23.01447606086731,417.6568127145461,3.999,
23.059027910232544,401.67409873051275,3.9983750000000002,
23.086259126663208,502.15457191695504,3.999,
23.113338947296143,502.7740569550959,3.999625,
23.14027690887451,392.134029143144,3.9995000000000003,
23.14027690887451,402.16968676102545,4.0,
23.16667103767395,390.89505906686236,3.99925,
23.194904088974,395.850939371989,3.998625,
23.22333002090454,395.850939371989,4.0005,
23.2253360748291,397.4616004711551,3.999375,
23.252784967422485,387.67373686853006,3.9987500000000002,
23.280652046203613,391.390647097375,3.998875,
23.30749201774597,393.4968962270538,4.0005,
23.33434796333313,391.1428530821187,4.000125,
23.33434796333313,391.1428530821187,3.999,
23.361387968063354,399.56784960083394,4.000375,
23.388396978378296,388.6649129295554,3.9987500000000002,
23.415178060531616,388.9127069448117,3.99925,
23.415178060531616,392.25792615077216,3.99975,
23.441877126693726,392.01013213551585,3.9995000000000003,
23.479552030563354,386.4347667922484,3.99925,
23.507489919662476,381.1071954642373,3.99975,
23.53531002998352,393.4968962270538,3.99975,
23.53531002998352,380.73550444135276,3.9995000000000003,
23.562628984451294,387.17814883801736,4.000375,
23.589595079421997,375.03624209045716,3.9998750000000003,
23.6175639629364,378.5053583040458,3.998875,
23.618755102157593,378.5053583040458,3.999,
23.644989013671875,376.89469720487966,3.9991250000000003,
23.67288899421692,377.26638822776414,3.9983750000000002,
23.70100998878479,403.78034786019157,3.99775,
23.72773504257202,407.7450521042929,3.999,
23.72773504257202,406.01049399749854,3.998875,
23.754606008529663,373.5494779989192,3.9995000000000003,
23.781136989593506,393.2491022117975,4.0005,
23.80914807319641,377.0185942125078,3.999625,
23.80914807319641,375.1601390980853,3.999,
23.836782932281494,376.52300618199513,4.000125,
23.873302936553955,373.5494779989192,3.9991250000000003,
23.900320053100586,406.3821850203831,3.9998750000000003,
23.927855968475342,375.5318301209698,3.9983750000000002,
23.927855968475342,376.39910917436697,3.999625,
23.95453906059265,378.62925531167394,4.0,
23.9822199344635,375.655727128598,3.99975,
24.033369064331055,375.03624209045716,3.9991250000000003,
24.033369064331055,375.5318301209698,3.998625,
24.060189962387085,375.03624209045716,3.999625,
24.087311029434204,374.29286004468815,3.99925,
24.12205195426941,374.78844807520085,3.99925,
24.156378030776978,374.16896303706,3.999,
24.156378030776978,375.5318301209698,3.9995000000000003,
24.184015035629272,380.73550444135276,4.000125,
24.2135329246521,375.40793311334164,3.99925,
24.240721940994263,374.29286004468815,3.9995000000000003,
24.240721940994263,373.9211690218037,3.998,
24.26762294769287,374.912345082829,3.998625,
24.294631958007812,371.07153784635585,3.99825,
24.32169198989868,383.4612386091724,3.99975,
24.349053144454956,376.39910917436697,3.999625,
24.349053144454956,373.9211690218037,3.99925,
24.375323057174683,374.16896303706,3.9987500000000002,
24.402956008911133,374.6645510675727,3.9995000000000003,
24.430580139160156,377.885873265905,3.9995000000000003,
24.45847797393799,375.1601390980853,4.000125,
24.45847797393799,371.6910228844967,4.0,
24.485021114349365,375.7796241362262,3.99925,
24.512455940246582,372.5583019378939,3.99975,
24.54023003578186,384.3285176625696,3.999,
24.541279077529907,373.9211690218037,3.9987500000000002,
24.56773591041565,379.6204313726993,3.99825,
24.596290111541748,371.81491989212486,3.99975,
24.623559951782227,392.134029143144,4.00025,
24.651865005493164,372.0627139073812,3.999375,
24.651865005493164,376.7708001972515,3.99925,
24.678642988204956,395.23145433384815,3.999375,
24.705857038497925,378.3814612964176,3.999625,
24.732784032821655,378.8770493269303,3.998625,
24.733771085739136,373.0538899684065,3.9987500000000002,
24.76003098487854,378.3814612964176,3.99925,
24.788124084472656,376.39910917436697,3.998875,
24.815186023712158,371.56712587686854,3.999,
24.842227935791016,386.4347667922484,3.9983750000000002,
24.842227935791016,390.15167702109335,3.9987500000000002,
24.879935026168823,378.7531523193021,3.99925,
24.90658211708069,381.47888648712177,4.0,
24.933433055877686,376.39910917436697,3.999,
24.93431806564331,375.2840361057135,3.998875,
24.960362911224365,392.6296171736567,3.99975,
24.98789691925049,376.52300618199513,3.9998750000000003,
25.016161918640137,377.3902852353923,3.9983750000000002,
25.04318904876709,376.52300618199513,4.000375,
25.044230937957764,388.78880993718354,3.998875,
25.070274114608765,377.26638822776414,3.998875,
25.09837007522583,377.142491220136,3.99925,
25.12656807899475,381.60278349474993,4.000875,
25.153263092041016,371.56712587686854,3.999625,
25.153263092041016,376.64690318962334,3.99975,
25.180869102478027,382.2222685328908,3.9991250000000003,
25.208352088928223,376.7708001972515,3.9991250000000003,
25.235939025878906,488.0303130473442,3.99925,
25.236951112747192,487.163033993947,3.9985,
25.263155937194824,501.28729286355787,3.99925,
25.29045796394348,373.0538899684065,3.9991250000000003,
25.31856107711792,378.25756428878947,3.998625,
25.34567904472351,378.00977027353315,4.0005,
25.34781002998352,384.7002086854541,4.0,
25.373955011367798,372.68219894552203,3.99975,
25.401006937026978,377.885873265905,3.998875,
25.427667140960693,377.51418224302046,3.999,
25.428662061691284,375.1601390980853,3.998625,
